date,startTime,endTime,title,venue,room,address,city,ageRange,types,cost,tips,audiences,eventUrl,alreadyOnPuddles,source,description
2026-08-31,16:00,16:45,Bob Baker Marionette Theater Variety Show,Pioneer Park,,"1146 Church St, Mountain View, CA 94041",Mountain View,"0–2, 2–5",Music & Movement,Free,"Registration is recommended.
Walk-ins are also welcome.",Adults; Teens; Seniors; Babies; Preschoolers; All Ages; Tweens; Children; Families; Toddlers,https://mountainview.libcal.com/event/17225192,yes,Mountain View Library · LibCal,"Bob Baker Marionette Theater is bringing the puppet magic to the Mountain View Public Library. This variety show will be roughly 30 minutes long and feature between 12 and 25 puppets from their iconic collection! After the show, there will be a quick 15 minute Q&A. This magical show will take place in Pioneer Park. Feel free to bring a fold-out chair, towel, or blanket for your comfort out in the park. This type of fun has no age limit! This event is generously sponsored by the Friends of the Mountain View Library."
2026-08-31,18:00,19:00,Smart Start Babytime,Mountain View Library,1st Floor Program Room,"585 Franklin St, Mountain View, CA 94041",Mountain View,0–2,Stories,Free,"Smart Start Babytime is a special program for babies (0–2) and their caregivers that blends stories, songs, and early play with different information each week with a pediatric resident from Stanford Medical School.
Caregivers will gain practical tips, build confidence, and have the opportunity to ask questions—all in a warm, supportive environment designed for your baby’s earliest learning.",Preschoolers; Parents; Families; Toddlers,https://mountainview.libcal.com/event/16916947,yes,Mountain View Library · LibCal,"Smart Start Babytime is a special program for babies (0–2) and their caregivers that blends stories, songs, and early play with different information each week with a pediatric resident from Stanford Medical School. Caregivers will gain practical tips, build confidence, and have the opportunity to ask questions—all in a warm, supportive environment designed for your baby’s earliest learning."
2026-09-01,10:30,11:00,Outdoor Storytime,Pioneer Park,,"1146 Church St, Mountain View, CA 94041",Mountain View,"0–2, 2–5",Stories,Free,"Bring a blanket and enjoy stories, songs, and rhymes with children's librarians in Pioneer Park.
All ages welcome, no registration required.
All events are weather permitting.",Babies; Preschoolers; Children; Families,https://mountainview.libcal.com/event/17142481,yes,Mountain View Library · LibCal,Tuesdays at 10:30 a.m.
2026-09-02,10:30,11:15,Baby Storytime,Mountain View Library,1st Floor Program Room,"585 Franklin St, Mountain View, CA 94041",Mountain View,0–2,Stories,Free,,Babies; Children; Families,https://mountainview.libcal.com/event/17170809,yes,Mountain View Library · LibCal,"A musical storytime for infants, babies, and new toddlers with books, baby bounces, and dancing! After storytime, we will host a brief Stay & Play for grownups to connect and mingle. This program is designed for ages 0-18 months.

 Assisted Listening Devices available upon request."
2026-09-03,10:00,11:00,Cuesta Park Storytime,Mountain View Library,,"585 Franklin St, Mountain View, CA 94041",Mountain View,2–5,Stories,Free,Events are weather permitting.,Preschoolers; Children; Families,https://mountainview.libcal.com/event/17295774,no,Mountain View Library · LibCal,"Stop by the Bookmobile for stories, songs, and rhymes in the heart of Cuesta Park! Enjoy a fun-filled storytime at the playground, and take advantage of full library services available from 10:00–11:00 a.m. Find us at 615 Cuesta Drive, Mountain View, CA 94040"
2026-09-04,10:30,11:15,Baby Storytime: Rerun,Mountain View Library,1st Floor Program Room,"585 Franklin St, Mountain View, CA 94041",Mountain View,0–2,Stories,Free,,Babies; Children; Families,https://mountainview.libcal.com/event/17170825,yes,Mountain View Library · LibCal,"Did you miss Wednesday's Baby Storytime? Come on Friday! We'll redo our musical storytime for infants, babies, and new toddlers with a brief Stay & Play for grownups to connect and mingle. This program is designed for ages 0-18 months.

 Assisted Listening Devices available upon request."
2026-09-08,10:30,11:00,Outdoor Storytime,Pioneer Park,,"1146 Church St, Mountain View, CA 94041",Mountain View,"0–2, 2–5",Stories,Free,"Bring a blanket and enjoy stories, songs, and rhymes with children's librarians in Pioneer Park.
All ages welcome, no registration required.
All events are weather permitting.",Babies; Preschoolers; Children; Families,https://mountainview.libcal.com/event/17142482,yes,Mountain View Library · LibCal,Tuesdays at 10:30 a.m.
2026-09-09,10:30,11:15,Baby Storytime,Mountain View Library,1st Floor Program Room,"585 Franklin St, Mountain View, CA 94041",Mountain View,0–2,Stories,Free,,Babies; Children; Families,https://mountainview.libcal.com/event/17170810,yes,Mountain View Library · LibCal,"A musical storytime for infants, babies, and new toddlers with books, baby bounces, and dancing! After storytime, we will host a brief Stay & Play for grownups to connect and mingle. This program is designed for ages 0-18 months.

 Assisted Listening Devices available upon request."
2026-09-09,18:30,19:00,Bilingual Storytime: Mandarin/English,Mountain View Library,Children's Room,"585 Franklin St, Mountain View, CA 94041",Mountain View,2–5,Stories,Free,"For ages 2-5, no registration required.",Preschoolers; Children,https://mountainview.libcal.com/event/17329104,no,Mountain View Library · LibCal,"Stories, rhymes and songs in Mandarin and English with Miss Renee in the Children's Room Octagon."
2026-09-10,10:00,10:30,Magical Bridge Storytime,Magical Bridge Playground at Rengstorff Park,,"201 S. Rengstorff Ave, Mountain View, CA 94040",Mountain View,2–5,Stories,Free,Events are weather permitting.,Preschoolers; Children; Families,https://mountainview.libcal.com/event/17290230,no,Mountain View Library · LibCal,"Stop by the Bookmobile for stories, songs, and rhymes in the heart of Rengstorff Park! Enjoy a fun-filled storytime at the Magical Bridge Playground, and take advantage of full library services available from 10:00–11:00 a.m. Find us at 201 S. Rengstorff Ave, Mountain View, CA 94040."
2026-09-11,10:30,11:15,Baby Storytime: Rerun,Mountain View Library,1st Floor Program Room,"585 Franklin St, Mountain View, CA 94041",Mountain View,0–2,Stories,Free,,Babies; Children; Families,https://mountainview.libcal.com/event/17170826,yes,Mountain View Library · LibCal,"Did you miss Wednesday's Baby Storytime? Come on Friday! We'll redo our musical storytime for infants, babies, and new toddlers with a brief Stay & Play for grownups to connect and mingle. This program is designed for ages 0-18 months.

 Assisted Listening Devices available upon request."
2026-09-12,11:00,12:00,Mid-Autumn Festival Story Celebration,Mountain View Library,1st Floor Program Room,"585 Franklin St, Mountain View, CA 94041",Mountain View,2–5,Stories,Free,,Preschoolers; Children; Families,https://mountainview.libcal.com/event/16188977,no,Mountain View Library · LibCal,"Celebrate the magic of the Mid-Autumn Festival with PiggySprout! Join Tianxin (Aries) Wang (苗苗姐姐) for immersive Mandarin stories that bring the rich traditions of Asian culture to life. Drawing upon her advanced academic background in language acquisition, Aries curates an interactive experience featuring beautifully illustrated picture books, cultural connection, and engaging hands-on activities. This session is thoughtfully designed to foster early language development while helping children build a joyful, lasting connection to their cultural roots. Whether you are seeking to strengthen your family's heritage or introduce your child to a new language in a welcoming community space, this festive gathering promises a memorable and educational experience."
2026-09-15,10:30,11:00,Outdoor Storytime,Pioneer Park,,"1146 Church St, Mountain View, CA 94041",Mountain View,"0–2, 2–5",Stories,Free,"Bring a blanket and enjoy stories, songs, and rhymes with children's librarians in Pioneer Park.
All ages welcome, no registration required.
All events are weather permitting.",Babies; Preschoolers; Children; Families,https://mountainview.libcal.com/event/17142483,yes,Mountain View Library · LibCal,Tuesdays at 10:30 a.m.
2026-09-16,10:30,11:15,Baby Storytime,Mountain View Library,1st Floor Program Room,"585 Franklin St, Mountain View, CA 94041",Mountain View,0–2,Stories,Free,,Babies; Children; Families,https://mountainview.libcal.com/event/17170811,yes,Mountain View Library · LibCal,"A musical storytime for infants, babies, and new toddlers with books, baby bounces, and dancing! After storytime, we will host a brief Stay & Play for grownups to connect and mingle. This program is designed for ages 0-18 months.

 Assisted Listening Devices available upon request."
2026-09-18,10:30,11:15,Baby Storytime: Rerun,Mountain View Library,1st Floor Program Room,"585 Franklin St, Mountain View, CA 94041",Mountain View,0–2,Stories,Free,,Babies; Children; Families,https://mountainview.libcal.com/event/17170827,yes,Mountain View Library · LibCal,"Did you miss Wednesday's Baby Storytime? Come on Friday! We'll redo our musical storytime for infants, babies, and new toddlers with a brief Stay & Play for grownups to connect and mingle. This program is designed for ages 0-18 months.

 Assisted Listening Devices available upon request."
2026-09-21,18:30,19:15,Sci-Fi Pajama Storytime,Mountain View Library,1st Floor Program Room,"585 Franklin St, Mountain View, CA 94041",Mountain View,2–5,Stories,Free,,Preschoolers; Children; Families,https://mountainview.libcal.com/event/17231477,no,Mountain View Library · LibCal,"Wear your favorite PJs or astronaut suit for an out of this world storytime. Enjoy songs, books, and rhymes as we explore the wonders of space and all things alien.

 A Sci-Fi September Event"
2026-09-22,10:30,11:00,Outdoor Storytime,Pioneer Park,,"1146 Church St, Mountain View, CA 94041",Mountain View,"0–2, 2–5",Stories,Free,"Bring a blanket and enjoy stories, songs, and rhymes with children's librarians in Pioneer Park.
All ages welcome, no registration required.
All events are weather permitting.",Babies; Preschoolers; Children; Families,https://mountainview.libcal.com/event/17142484,yes,Mountain View Library · LibCal,Tuesdays at 10:30 a.m.
2026-09-23,10:30,11:15,Baby Storytime,Mountain View Library,1st Floor Program Room,"585 Franklin St, Mountain View, CA 94041",Mountain View,0–2,Stories,Free,,Babies; Children; Families,https://mountainview.libcal.com/event/17170812,yes,Mountain View Library · LibCal,"A musical storytime for infants, babies, and new toddlers with books, baby bounces, and dancing! After storytime, we will host a brief Stay & Play for grownups to connect and mingle. This program is designed for ages 0-18 months.

 Assisted Listening Devices available upon request."
2026-09-25,10:30,11:15,Baby Storytime: Rerun,Mountain View Library,1st Floor Program Room,"585 Franklin St, Mountain View, CA 94041",Mountain View,0–2,Stories,Free,,Babies; Children; Families,https://mountainview.libcal.com/event/17170828,yes,Mountain View Library · LibCal,"Did you miss Wednesday's Baby Storytime? Come on Friday! We'll redo our musical storytime for infants, babies, and new toddlers with a brief Stay & Play for grownups to connect and mingle. This program is designed for ages 0-18 months.

 Assisted Listening Devices available upon request."
2026-09-28,18:00,19:00,Smart Start Babytime,Mountain View Library,1st Floor Program Room,"585 Franklin St, Mountain View, CA 94041",Mountain View,0–2,Stories,Free,"Smart Start Babytime is a special program for babies (0–2) and their caregivers that blends stories, songs, and early play with different information each week with a pediatric resident from Stanford Medical School.
Caregivers will gain practical tips, build confidence, and have the opportunity to ask questions—all in a warm, supportive environment designed for your baby’s earliest learning.",Preschoolers; Parents; Families; Toddlers,https://mountainview.libcal.com/event/16916948,yes,Mountain View Library · LibCal,"Smart Start Babytime is a special program for babies (0–2) and their caregivers that blends stories, songs, and early play with different information each week with a pediatric resident from Stanford Medical School. Caregivers will gain practical tips, build confidence, and have the opportunity to ask questions—all in a warm, supportive environment designed for your baby’s earliest learning."
2026-09-29,10:30,11:00,Outdoor Storytime,Pioneer Park,,"1146 Church St, Mountain View, CA 94041",Mountain View,"0–2, 2–5",Stories,Free,"Bring a blanket and enjoy stories, songs, and rhymes with children's librarians in Pioneer Park.
All ages welcome, no registration required.
All events are weather permitting.",Babies; Preschoolers; Children; Families,https://mountainview.libcal.com/event/17142485,yes,Mountain View Library · LibCal,Tuesdays at 10:30 a.m.
2026-09-30,10:30,11:15,Baby Storytime,Mountain View Library,1st Floor Program Room,"585 Franklin St, Mountain View, CA 94041",Mountain View,0–2,Stories,Free,,Babies; Children; Families,https://mountainview.libcal.com/event/17170813,yes,Mountain View Library · LibCal,"A musical storytime for infants, babies, and new toddlers with books, baby bounces, and dancing! After storytime, we will host a brief Stay & Play for grownups to connect and mingle. This program is designed for ages 0-18 months.

 Assisted Listening Devices available upon request."
2026-09-30,18:30,19:30,LEGO® Time,Mountain View Library,1st Floor Program Room,"585 Franklin St, Mountain View, CA 94041",Mountain View,2–5,Build & Explore,Free,,Preschoolers; Tweens; Children,https://mountainview.libcal.com/event/17238199,yes,Mountain View Library · LibCal,"It's an open invitation to a LEGO&reg; building extravaganza! Everyone is encouraged to participate in the construction excitement.

 A Sci-Fi September Event

 LEGOs&reg; will be supplied

 Join the building fun on three dates :

 Wednesday, August 26

 Wednesday, September 30

 Wednesday, October 28

 This event is generously sponsored by the Friends of the Mountain View Library."
2026-10-06,10:30,11:00,Outdoor Storytime,Pioneer Park,,"1146 Church St, Mountain View, CA 94041",Mountain View,"0–2, 2–5",Stories,Free,"Bring a blanket and enjoy stories, songs, and rhymes with children's librarians in Pioneer Park.
All ages welcome, no registration required.
All events are weather permitting.",Babies; Preschoolers; Children; Families,https://mountainview.libcal.com/event/17142486,yes,Mountain View Library · LibCal,Tuesdays at 10:30 a.m.
2026-10-07,10:30,11:15,Baby Storytime,Mountain View Library,1st Floor Program Room,"585 Franklin St, Mountain View, CA 94041",Mountain View,0–2,Stories,Free,,Babies; Children; Families,https://mountainview.libcal.com/event/17170814,yes,Mountain View Library · LibCal,"A musical storytime for infants, babies, and new toddlers with books, baby bounces, and dancing! After storytime, we will host a brief Stay & Play for grownups to connect and mingle. This program is designed for ages 0-18 months.

 Assisted Listening Devices available upon request."
2026-10-08,10:00,10:30,Magical Bridge Storytime,Magical Bridge Playground at Rengstorff Park,,"201 S. Rengstorff Ave, Mountain View, CA 94040",Mountain View,2–5,Stories,Free,Events are weather permitting.,Preschoolers; Children; Families,https://mountainview.libcal.com/event/17290231,no,Mountain View Library · LibCal,"Stop by the Bookmobile for stories, songs, and rhymes in the heart of Rengstorff Park! Enjoy a fun-filled storytime at the Magical Bridge Playground, and take advantage of full library services available from 10:00–11:00 a.m. Find us at 201 S. Rengstorff Ave, Mountain View, CA 94040."
2026-10-09,10:30,11:15,Baby Storytime: Rerun,Mountain View Library,1st Floor Program Room,"585 Franklin St, Mountain View, CA 94041",Mountain View,0–2,Stories,Free,,Babies; Children; Families,https://mountainview.libcal.com/event/17170830,yes,Mountain View Library · LibCal,"Did you miss Wednesday's Baby Storytime? Come on Friday! We'll redo our musical storytime for infants, babies, and new toddlers with a brief Stay & Play for grownups to connect and mingle. This program is designed for ages 0-18 months.

 Assisted Listening Devices available upon request."
2026-10-13,10:30,11:00,Outdoor Storytime,Pioneer Park,,"1146 Church St, Mountain View, CA 94041",Mountain View,"0–2, 2–5",Stories,Free,"Bring a blanket and enjoy stories, songs, and rhymes with children's librarians in Pioneer Park.
All ages welcome, no registration required.
All events are weather permitting.",Babies; Preschoolers; Children; Families,https://mountainview.libcal.com/event/17142487,yes,Mountain View Library · LibCal,Tuesdays at 10:30 a.m.
2026-10-14,10:30,11:15,Baby Storytime,Mountain View Library,1st Floor Program Room,"585 Franklin St, Mountain View, CA 94041",Mountain View,0–2,Stories,Free,,Babies; Children; Families,https://mountainview.libcal.com/event/17170815,yes,Mountain View Library · LibCal,"A musical storytime for infants, babies, and new toddlers with books, baby bounces, and dancing! After storytime, we will host a brief Stay & Play for grownups to connect and mingle. This program is designed for ages 0-18 months.

 Assisted Listening Devices available upon request."
2026-10-14,18:30,19:00,Bilingual Storytime: Mandarin/English,Mountain View Library,Children's Room,"585 Franklin St, Mountain View, CA 94041",Mountain View,2–5,Stories,Free,"For ages 2-5, no registration required.",Preschoolers; Children,https://mountainview.libcal.com/event/17329158,no,Mountain View Library · LibCal,"Stories, rhymes and songs in Mandarin and English with Miss Renee in the Children's Room Octagon."
2026-10-15,10:00,11:00,Cuesta Park Storytime,Mountain View Library,,"585 Franklin St, Mountain View, CA 94041",Mountain View,2–5,Stories,Free,Events are weather permitting.,Preschoolers; Children; Families,https://mountainview.libcal.com/event/17295775,no,Mountain View Library · LibCal,"Stop by the Bookmobile for stories, songs, and rhymes in the heart of Cuesta Park! Enjoy a fun-filled storytime at the playground, and take advantage of full library services available from 10:00–11:00 a.m. Find us at 615 Cuesta Drive, Mountain View, CA 94040"
2026-10-16,10:30,11:15,Baby Storytime: Rerun,Mountain View Library,1st Floor Program Room,"585 Franklin St, Mountain View, CA 94041",Mountain View,0–2,Stories,Free,,Babies; Children; Families,https://mountainview.libcal.com/event/17170831,yes,Mountain View Library · LibCal,"Did you miss Wednesday's Baby Storytime? Come on Friday! We'll redo our musical storytime for infants, babies, and new toddlers with a brief Stay & Play for grownups to connect and mingle. This program is designed for ages 0-18 months.

 Assisted Listening Devices available upon request."
2026-10-20,10:30,11:00,Outdoor Storytime,Pioneer Park,,"1146 Church St, Mountain View, CA 94041",Mountain View,"0–2, 2–5",Stories,Free,"Bring a blanket and enjoy stories, songs, and rhymes with children's librarians in Pioneer Park.
All ages welcome, no registration required.
All events are weather permitting.",Babies; Preschoolers; Children; Families,https://mountainview.libcal.com/event/17142488,yes,Mountain View Library · LibCal,Tuesdays at 10:30 a.m.
2026-10-21,10:30,11:15,Baby Storytime,Mountain View Library,1st Floor Program Room,"585 Franklin St, Mountain View, CA 94041",Mountain View,0–2,Stories,Free,,Babies; Children; Families,https://mountainview.libcal.com/event/17170816,yes,Mountain View Library · LibCal,"A musical storytime for infants, babies, and new toddlers with books, baby bounces, and dancing! After storytime, we will host a brief Stay & Play for grownups to connect and mingle. This program is designed for ages 0-18 months.

 Assisted Listening Devices available upon request."
2026-10-23,10:30,11:15,Baby Storytime: Rerun,Mountain View Library,1st Floor Program Room,"585 Franklin St, Mountain View, CA 94041",Mountain View,0–2,Stories,Free,,Babies; Children; Families,https://mountainview.libcal.com/event/17170832,yes,Mountain View Library · LibCal,"Did you miss Wednesday's Baby Storytime? Come on Friday! We'll redo our musical storytime for infants, babies, and new toddlers with a brief Stay & Play for grownups to connect and mingle. This program is designed for ages 0-18 months.

 Assisted Listening Devices available upon request."
2026-10-26,18:00,19:00,Smart Start Babytime,Mountain View Library,1st Floor Program Room,"585 Franklin St, Mountain View, CA 94041",Mountain View,0–2,Stories,Free,"Smart Start Babytime is a special program for babies (0–2) and their caregivers that blends stories, songs, and early play with different information each week with a pediatric resident from Stanford Medical School.
Caregivers will gain practical tips, build confidence, and have the opportunity to ask questions—all in a warm, supportive environment designed for your baby’s earliest learning.",Preschoolers; Parents; Families; Toddlers,https://mountainview.libcal.com/event/16916949,yes,Mountain View Library · LibCal,"Smart Start Babytime is a special program for babies (0–2) and their caregivers that blends stories, songs, and early play with different information each week with a pediatric resident from Stanford Medical School. Caregivers will gain practical tips, build confidence, and have the opportunity to ask questions—all in a warm, supportive environment designed for your baby’s earliest learning."
2026-10-27,10:30,11:00,Outdoor Storytime,Pioneer Park,,"1146 Church St, Mountain View, CA 94041",Mountain View,"0–2, 2–5",Stories,Free,"Bring a blanket and enjoy stories, songs, and rhymes with children's librarians in Pioneer Park.
All ages welcome, no registration required.
All events are weather permitting.",Babies; Preschoolers; Children; Families,https://mountainview.libcal.com/event/17142489,yes,Mountain View Library · LibCal,Tuesdays at 10:30 a.m.
2026-10-28,10:30,11:15,Baby Storytime,Mountain View Library,1st Floor Program Room,"585 Franklin St, Mountain View, CA 94041",Mountain View,0–2,Stories,Free,,Babies; Children; Families,https://mountainview.libcal.com/event/17170817,yes,Mountain View Library · LibCal,"A musical storytime for infants, babies, and new toddlers with books, baby bounces, and dancing! After storytime, we will host a brief Stay & Play for grownups to connect and mingle. This program is designed for ages 0-18 months.

 Assisted Listening Devices available upon request."
2026-10-28,18:30,19:30,LEGO® Time,Mountain View Library,1st Floor Program Room,"585 Franklin St, Mountain View, CA 94041",Mountain View,2–5,Build & Explore,Free,,Preschoolers; Tweens; Children,https://mountainview.libcal.com/event/17238200,yes,Mountain View Library · LibCal,"It's an open invitation to a LEGO&reg; building extravaganza! Everyone is encouraged to participate in the construction excitement.

 LEGOs&reg; will be supplied

 Join the building fun on three dates :

 Wednesday, August 26

 Wednesday, September 30

 Wednesday, October 28

 This event is generously sponsored by the Friends of the Mountain View Library."
2026-10-30,10:30,11:15,Baby Storytime: Rerun,Mountain View Library,1st Floor Program Room,"585 Franklin St, Mountain View, CA 94041",Mountain View,0–2,Stories,Free,,Babies; Children; Families,https://mountainview.libcal.com/event/17170833,yes,Mountain View Library · LibCal,"Did you miss Wednesday's Baby Storytime? Come on Friday! We'll redo our musical storytime for infants, babies, and new toddlers with a brief Stay & Play for grownups to connect and mingle. This program is designed for ages 0-18 months.

 Assisted Listening Devices available upon request."
